arm,n,sum_y,sum_x,sum_xy,sum_y2,sum_x2,mean_x,units_with_pre_activity
control,10788,21,833940,7212,91,331151490,77.302558,10717
deep reduction,10786,40,831089,4152,208,363170197,77.052568,10715
mid reduction,10601,55,793264,3025,259,262820216,74.829167,10524
